Time Posted,"Image URL","Instagram Post","Caption","Media Type (Image, Video, Carousel)","Engagement Rate","Engagements","Followers","Views","Reach","Likes","Comments","Saves","Shares","Reposts","Linkin.bio"
"Jun 26, 2026 12:49:22 PM","https://scontent-iad6-1.cdninstagram.com/v/t51.82787-15/730628554_17891693547560543_8350260337357005812_n.jpg?stp=dst-jpg_e35_tt6&_nc_cat=100&ccb=7-5&_nc_sid=18de74&efg=eyJlZmdfdGFnIjoiQ0FST1VTRUxfSVRFTS5iZXN0X2ltYWdlX3VybGdlbi5DMyJ9&_nc_ohc=w9cguflBHGsQ7kNvwG0Tdt-&_nc_oc=AdrWh5WYBWmAupw9jEJsdaenrn0hlWrp87icDdfI08rw33geRTMVBmlwubXYvmySZ6M&_nc_zt=23&_nc_ht=scontent-iad6-1.cdninstagram.com&edm=ANQ71j8EAAAA&_nc_gid=MPjXYMh-zw3HDAOMjImUAg&_nc_tpa=Q5bMBQHwVcEv2BsZo0FBb7sCFp7QW8-9zM4TMbdLzvT3sda994-zmYKbCUh17kemkU-sedxIpNNsHiPA&oh=00_AQAWdNJXEAV_0TjCgTATus9qQJItYMe1KMtx_3nRKXalLA&oe=6A49925A","https://www.instagram.com/p/DaDt2a7HJOL/","Everyone in Austin is talking about AI tools. Almost no one is talking about the harder part.⁠
⁠
The next advantage won't come from tools. It'll come from real conversations with people making the same hard calls: what to automate, what to protect, and where human judgment still wins.⁠
⁠
That's the room we're building.⁠
⁠
July 14, GILD brings senior AI and engineering leaders together in Austin for a practical, off-the-record dinner.⁠
⁠
Request an invite: link in bio.⁠
⁠
#GILD #AILeadership #EngineeringLeadership #AustinTech #AICommunity #TechLeaders","carousel","20%","2","71","29","10","2",,,,,
"Jun 25, 2026 06:15:29 PM","https://scontent-iad6-1.cdninstagram.com/v/t51.82787-15/730083412_17891555898560543_4806824097040125768_n.jpg?stp=dst-jpg_e35_tt6&_nc_cat=100&ccb=7-5&_nc_sid=18de74&efg=eyJlZmdfdGFnIjoiQ0FST1VTRUxfSVRFTS5iZXN0X2ltYWdlX3VybGdlbi5DMyJ9&_nc_ohc=kSj12GD-8hsQ7kNvwH7knM-&_nc_oc=AdpdA2Elbme5gsB-H4IbZJ1mGWGM3V2UUKVOSvkth_BAZqtOQzzyjvXVkn9MYp4p9H8&_nc_zt=23&_nc_ht=scontent-iad6-1.cdninstagram.com&edm=ANQ71j8EAAAA&_nc_gid=1O9psaZydWV1s_KgKvATkQ&_nc_tpa=Q5bMBQGV-wOjvcyQ20qGPJg3uyjeqPX2DlppYvGent6ceQmR6Qb8eCogj8tkDwX2eEav1mxaxumMDEXv&oh=00_AQAQ0kujvZztiV69kCHeUTLr2cV8jbzfzECBFOlXndR-ow&oe=6A49B141","https://www.instagram.com/p/DaBuYG6iYc-/","More GILD gatherings are coming soon.⁠
⁠
Three cities. One network. Senior AI and engineering leaders worth being around.⁠
⁠
Candid conversations on building, adopting, and leading with AI.⁠
⁠
Trusted peers matter more when everything moves this fast.⁠
⁠
Request an invite through the link in bio.⁠
⁠
#AILeadership #EngineeringLeadership #AIFuture #GILD","carousel","45%","5","71","45","11","5",,,,,
"Jun 18, 2026 06:48:05 PM","https://scontent-iad3-1.cdninstagram.com/v/t51.82787-15/724091899_17890370187560543_8049074106250164940_n.jpg?stp=dst-jpg_e35_tt6&_nc_cat=104&ccb=7-5&_nc_sid=18de74&efg=eyJlZmdfdGFnIjoiQ0xJUFMuYmVzdF9pbWFnZV91cmxnZW4uQzMifQ%3D%3D&_nc_ohc=LRkglcIY78oQ7kNvwGHRkbl&_nc_oc=Adq5EL_nZ8z4C3Msp5CI67VWEJLytW9NcjjT1elh-SoqATDzUbrnFLzaAyCzy9L9oyI&_nc_zt=23&_nc_ht=scontent-iad3-1.cdninstagram.com&edm=ANQ71j8EAAAA&_nc_gid=kEHUXlvn8UlEQUGiVXs_3A&_nc_tpa=Q5bMBQFCA5MhI05UvSbKQ9I8ufm1IrD3YSR08CBO9aKKpo8Mq7BIPNX4A0uAw2qgVkuqHZOQRSls1WOZ&oh=00_AQC5vmm0cs1Si5lYIzo4xNgm2IG_oBECiUcZhLnwesIP1Q&oe=6A499F69","https://www.instagram.com/reel/DZvwOnxAtGP/","Tuesday night in Dallas, the room didn't need prompting.⁠
⁠
Senior AI and engineering leaders, present and open, trading what they're seeing as AI reshapes their teams. And in between, the real thing took shape: trust between peers navigating the same change.⁠
⁠
Thank you to Anand Arivukkarasu for setting the tone with the ""Intelligence Lens,"" and to our partner @tecla.io for making the night happen.⁠
⁠
Dallas, we're just getting started.⁠
⁠
#GILD #AILeadership #EngineeringLeadership #AICommunity","video","2.5%","3","71","138","122","3",,,,,
"Jun 12, 2026 12:48:08 PM","https://scontent-iad6-1.cdninstagram.com/v/t51.71878-15/723238494_1263368078970615_6717929043055451245_n.jpg?stp=dst-jpg_e35_tt6&_nc_cat=100&ccb=7-5&_nc_sid=18de74&efg=eyJlZmdfdGFnIjoiQ0xJUFMuYmVzdF9pbWFnZV91cmxnZW4uQzMifQ%3D%3D&_nc_ohc=WU6FJ18o57kQ7kNvwGfZvBW&_nc_oc=Adrq5Rx3dbYLmsvMyOUkqRhEv00Jdlrjx9bCJNYafeNMB3kknz28mXi2Yvu89SRuTSM&_nc_zt=23&_nc_ht=scontent-iad6-1.cdninstagram.com&edm=ANQ71j8EAAAA&_nc_gid=tqjDXCG-F1dnEEpPK3cjCg&_nc_tpa=Q5bMBQEeZNZCTjMH4xzHjTJ743nNw1uHbPo4XqiWLmfMp_a1sQX9Eq4ViSbVY7jHw6FInjbI9sARjiYw&oh=00_AQAHTvXb6M6LGuh1eWUyOKlWXrmYDx3TryQ7HyuS3XACSQ&oe=6A49A4D7","https://www.instagram.com/reel/DZfqP3bAgJ6/","More GILD gatherings are coming this month and beyond.⁠
⁠
Designed for AI leaders and senior engineering leaders, our forums create space for sharper conversations about what it actually takes to build, deploy, and scale AI inside companies.⁠
⁠
Browse the upcoming GILD calendar to see what’s ahead, and request details when a gathering feels relevant to your work.⁠
⁠
Link in bio.⁠
⁠
#AILeadership #EngineeringLeadership #EnterpriseAI #GILDCommunity","video","3.1%","2","70","80","64","2",,,,,
"Jun 11, 2026 09:00:59 PM","https://scontent-iad3-1.cdninstagram.com/v/t51.82787-15/722562754_17889263412560543_6569721334582000221_n.jpg?stp=dst-jpg_e35_tt6&_nc_cat=104&ccb=7-5&_nc_sid=18de74&efg=eyJlZmdfdGFnIjoiQ0FST1VTRUxfSVRFTS5iZXN0X2ltYWdlX3VybGdlbi5DMyJ9&_nc_ohc=bCj2HXg21HEQ7kNvwFSmztg&_nc_oc=Adrb1_gUu-xeiKm2gVm2si309Gl-_PLHKv_yf8SiFomJrzbxNYqKMkJslMrDm1mNQpU&_nc_zt=23&_nc_ht=scontent-iad3-1.cdninstagram.com&edm=ANQ71j8EAAAA&_nc_gid=rYALMpV0qKCSHDb1fUBgjw&_nc_tpa=Q5bMBQFtRiAtMalaUFLZ4_BeHQyFL09er3SOG4CzrWUU6Yyv3FFSj9p_nfduFBNWvswXptyI6KBbv6e5&oh=00_AQBY4Hj8DrRrFtAEs8R93c6pug6YjKGsrItwqUc4JbYR6w&oe=6A4999F7","https://www.instagram.com/p/DZd-I_qjXNv/","25 seats. Dallas. June 16.⁠
⁠
GILD AI Forum is back for engineering leaders building with AI in the real world. Off the record, peer-led, and curated for candid conversation.⁠
⁠
Presented by @tecla.io. Applications close this week. Request your invite at the link in bio.⁠
⁠
#GILD #AILeadership #AIEngineering #DallasTech","carousel","16%","3","70","45","19","3",,,,,
"Jun 10, 2026 07:00:46 PM","https://scontent-iad6-1.cdninstagram.com/v/t51.82787-15/718980075_17889095310560543_4899194211295830139_n.jpg?stp=dst-jpg_e35_tt6&_nc_cat=102&ccb=7-5&_nc_sid=18de74&efg=eyJlZmdfdGFnIjoiQ0FST1VTRUxfSVRFTS5iZXN0X2ltYWdlX3VybGdlbi5DMyJ9&_nc_ohc=W5aSVg5znT4Q7kNvwEsWMny&_nc_oc=AdqY3AZcYQR5O6jimrC0JGbPJM9Ss_0ZIG0nCfS_Zf8rsbaToN0ECB8IXVjwvw2Q74A&_nc_zt=23&_nc_ht=scontent-iad6-1.cdninstagram.com&edm=ANQ71j8EAAAA&_nc_gid=0iOKbYXSSIgobTVZJyMMgA&_nc_tpa=Q5bMBQF3fr6v571aGiUmJoKlYvCdzWvhWLtTKGHd4l4v4uRgNSpGBpK0adu6wScLipMCsK_jVhnQ4wpQ&oh=00_AQCz3OBIU7Sx3oCnKfo8Q0N3fVU2HcLEq16NnPcM6f39Zw&oe=6A499DDA","https://www.instagram.com/p/DZbLotSkTf0/","Everyone's talking about AI. Very few people get to talk through it with someone who actually gets it.⁠
⁠
In the AI era, human connection matters more, not less. GILD is a trusted space for senior AI and engineering leaders to meet the people behind the work: the ones building what comes next.⁠
⁠
Curated dinners. Introductions. Private community. Network intelligence.⁠
Request access at the link in bio.⁠
⁠
#AILeaders #EngineeringLeaders #AICommunity #TechLeadership #GILD","carousel","25%","6","70","65","24","6",,,,,
"Jun 2, 2026 06:48:07 PM","https://scontent-iad6-1.cdninstagram.com/v/t51.82787-15/713623746_17887756500560543_8874742577692654098_n.jpg?stp=dst-jpg_e35_tt6&_nc_cat=100&ccb=7-5&_nc_sid=18de74&efg=eyJlZmdfdGFnIjoiQ0xJUFMuYmVzdF9pbWFnZV91cmxnZW4uQzMifQ%3D%3D&_nc_ohc=l5nPQ8zRhBMQ7kNvwHX0sE-&_nc_oc=Ado-IQ9j8wOvocKDmEtnNwHAv-nh8jec6aKrguu4HYoEiQdpqX87cdAje0dW6199N58&_nc_zt=23&_nc_ht=scontent-iad6-1.cdninstagram.com&edm=ANQ71j8EAAAA&_nc_gid=DKFyvvELn49Afb49Df7B5g&_nc_tpa=Q5bMBQGuS0kbXhY3yXRj25251Da6dcoF_BkRzVjeiOAMPLiUoDLPCBA76iVTXvfX5vxBRJhDXjxCSZug&oh=00_AQAAn3ulkHtnzZ5aFp2FfmZKvJ8anaty3QcH_2jEKgP8tw&oe=6A499A06","https://www.instagram.com/reel/DZGjfucEai_/","What does AI adoption actually look like inside a company?⁠
⁠
Tomorrow on the GILD Podcast, Gino Ferrand sits down with Raphael Varieras, SVP of AI & Data at Zello, to talk about shipping AI at scale, from internal adoption to customer-facing products and security risks.⁠
⁠
In this clip, Raphael shares why AI security needs to be part of the conversation early.⁠
⁠
Episode 7 drops tomorrow.⁠
⁠
#GILDPodcast #AI #TechLeadership #AISecurity","video","4.1%","5","66","146","123","5",,,,,
"Jun 1, 2026 06:24:04 PM","https://scontent-iad6-1.cdninstagram.com/v/t51.71878-15/706488752_973472785319980_60767162827619032_n.jpg?stp=dst-jpg_e35_tt6&_nc_cat=106&ccb=7-5&_nc_sid=18de74&efg=eyJlZmdfdGFnIjoiQ0xJUFMuYmVzdF9pbWFnZV91cmxnZW4uQzMifQ%3D%3D&_nc_ohc=ZyMnceknzk0Q7kNvwGY15Sb&_nc_oc=AdqAKGZQ1UZuooFqjY7dMlmhpKf8lgsHOfDFS7ZN_WAr109Tmrv7cLjQj-DlzNyzUt8&_nc_zt=23&_nc_ht=scontent-iad6-1.cdninstagram.com&edm=ANQ71j8EAAAA&_nc_gid=gZ9GTx7lf8u7h3Y4Y0Z7TA&_nc_tpa=Q5bMBQGZie0Mzdvtu_xDJoMZPYArHt_CBXWrZ9RWY4E4I30B96BAhsQfBOXBayR0mMk7YLAoB9717mBr&oh=00_AQDBaRVh2w8_yhxjkoISS4k3LQxzYwX62VUHlRonpyDLig&oe=6A49BF82","https://www.instagram.com/reel/DZD78dQDMI5/","Austin. Last week.⁠
⁠
A small room of CTOs and senior technical leaders. One honest conversation about where AI is actually taking technical leadership right now.⁠
⁠
Grateful for the openness in that room. And to our partners at @tecla.io for making it possible.⁠
⁠
More to come.⁠
⁠
#GILD #AIStrategy #AustinTech","video","2.4%","3","66","151","123","2","1",,,,
